<?xml version="1.0" encoding="UTF-8"?>
<project-private xmlns="http://www.netbeans.org/ns/project-private/1">
    <editor-bookmarks xmlns="http://www.netbeans.org/ns/editor-bookmarks/2" lastBookmarkId="0"/>
    <open-files xmlns="http://www.netbeans.org/ns/projectui-open-files/2">
        <group>
            <file>file:/C:/Users/DELL/Documents/NetBeansProjects/kasircafe_rizqi/src/kasircafe_rizqi/pembayaran.java</file>
            <file>file:/C:/Users/DELL/Documents/NetBeansProjects/kasircafe_rizqi/src/kasircafe_rizqi/laporan_transaksi.java</file>
            <file>file:/C:/Users/DELL/Documents/NetBeansProjects/kasircafe_rizqi/src/kasircafe_rizqi/lihat_transaksi.java</file>
            <file>file:/C:/Users/DELL/Documents/NetBeansProjects/kasircafe_rizqi/src/kasircafe_rizqi/login.java</file>
            <file>file:/C:/Users/DELL/Documents/NetBeansProjects/kasircafe_rizqi/src/kasircafe_rizqi/manager.java</file>
            <file>file:/C:/Users/DELL/Documents/NetBeansProjects/kasircafe_rizqi/src/kasircafe_rizqi/log_menu.java</file>
            <file>file:/C:/Users/DELL/Documents/NetBeansProjects/kasircafe_rizqi/src/kasircafe_rizqi/log_kasir.java</file>
            <file>file:/C:/Users/DELL/Documents/NetBeansProjects/kasircafe_rizqi/src/kasircafe_rizqi/order.java</file>
            <file>file:/C:/Users/DELL/Documents/NetBeansProjects/kasircafe_rizqi/src/kasircafe_rizqi/menu.java</file>
            <file>file:/C:/Users/DELL/Documents/NetBeansProjects/kasircafe_rizqi/src/kasircafe_rizqi/admin.java</file>
        </group>
    </open-files>
</project-private>
